Time,header.seq,header.stamp.secs,header.stamp.nsecs,header.frame_id,name,position_0,position_1,velocity_0,velocity_1
52.707,5232,52,706000000,,"['joint1', 'joint2']",0.13868167967881018,-0.14698769978460646,0.05177683773550154,0.012399763495494577
52.717,5233,52,716000000,,"['joint1', 'joint2']",0.13918925056177756,-0.14686484027571645,0.04991130796574694,0.012182519501434758
52.727,5234,52,726000000,,"['joint1', 'joint2']",0.1396777554682762,-0.1467445003658021,0.04797220486276012,0.011903797882993276
52.737,5235,52,736000000,,"['joint1', 'joint2']",0.14277463529872048,-0.1543170559044995,0.32629949829619853,-0.7825394066285802
52.747,5236,52,746000000,,"['joint1', 'joint2']",0.14457419623655543,-0.15764451481789088,0.11278994287398922,-0.12702351049639898
52.757,5237,52,756000000,,"['joint1', 'joint2']",0.1454368092826792,-0.15811711793297967,0.07382803803575569,-0.010698067177397907
52.767,5238,52,766000000,,"['joint1', 'joint2']",0.14612116705307443,-0.15808183556129052,0.065654660940047,0.010057781333411564
52.777,5239,52,776000000,,"['joint1', 'joint2']",0.14676074710935616,-0.15795586808387263,0.0628444809324211,0.013754046649853136
52.787,5240,52,786000000,,"['joint1', 'joint2']",0.1473782426499497,-0.15781411866816786,0.060888389612741005,0.014345146868513764
52.797,5241,52,796000000,,"['joint1', 'joint2']",0.1479767391386142,-0.1576705931169391,0.058992982011368066,0.014318011231581988
52.807,5242,52,806000000,,"['joint1', 'joint2']",0.14855591853735906,-0.15752840990875772,0.05702541638085265,0.014120788526791737
52.817,5243,52,816000000,,"['joint1', 'joint2']",0.14911493993027047,-0.15738869343202833,0.05497028015414494,0.013838878946969072
52.827,5244,52,826000000,,"['joint1', 'joint2']",0.14965295133078538,-0.15725215791196323,0.052832998544439826,0.013492902582386335
52.837,5245,52,836000000,,"['joint1', 'joint2']",0.15279088850753197,-0.16479065428801665,0.33091075218492566,-0.7809971921589005
52.847,5246,52,846000000,,"['joint1', 'joint2']",0.15463957735745115,-0.16811494831425922,0.11761731582883724,-0.126724613134307
52.857,5247,52,856000000,,"['joint1', 'joint2']",0.1555478630435525,-0.16858044407105677,0.07819815304590555,-0.009710018189601557
52.867,5248,52,866000000,,"['joint1', 'joint2']",0.15627406794300036,-0.16853369046069222,0.06970274257266462,0.011281938826046473
52.877,5249,52,876000000,,"['joint1', 'joint2']",0.15695270841680475,-0.16839533748483326,0.06663855373416337,0.014987639255307036
52.887,5250,52,886000000,,"['joint1', 'joint2']",0.15760684418586646,-0.16824154515306855,0.06444664665196036,0.015521464396060766
52.897,5251,52,896000000,,"['joint1', 'joint2']",0.1582396448719443,-0.16808665951318513,0.062318635948357994,0.01542041658993372
52.909,5252,52,906000000,,"['joint1', 'joint2']",0.15885080309893596,-0.16793388016387212,0.060118513321652925,0.01514557637205833
52.917,5253,52,916000000,,"['joint1', 'joint2']",0.1594394770159031,-0.16778434772425754,0.05783077201301838,0.014785517678740714
52.927,5254,52,926000000,,"['joint1', 'joint2']",0.16000481729996263,-0.16763877620918954,0.055461434770689856,0.01436173072453089
52.937,5255,52,936000000,,"['joint1', 'joint2']",0.16316120227585085,-0.1751494696895941,0.3331887362539083,-0.7801254092888514
52.947,5256,52,946000000,,"['joint1', 'joint2']",0.16503628797261083,-0.17847838242082315,0.12018422335797445,-0.1272228483983705
52.957,5257,52,956000000,,"['joint1', 'joint2']",0.16596757239342885,-0.17894455901645845,0.0802951554969747,-0.009486159429527241
52.967,5258,52,966000000,,"['joint1', 'joint2']",0.166712838743444,-0.17889384442653178,0.07147181333360078,0.011761470281192399
52.977,5259,52,976000000,,"['joint1', 'joint2']",0.16740775666014773,-0.1787504865516052,0.0681581473639951,0.015485999492493768
52.987,5260,52,986000000,,"['joint1', 'joint2']",0.16807585118874346,-0.17859195974617403,0.06574398855968003,0.015969390526471533
52.997,5261,52,996000000,,"['joint1', 'joint2']",0.1687204538209084,-0.17843295245783874,0.06340436771303506,0.015802054514642117
53.007,5262,53,6000000,,"['joint1', 'joint2']",0.16934133626909986,-0.1782767306765436,0.06099932891341027,0.015458920206896744
53.017,5263,53,16000000,,"['joint1', 'joint2']",0.16993771893561416,-0.17812443277077072,0.05851277535438164,0.015031894816248642
53.027,5264,53,26000000,,"['joint1', 'joint2']",0.17050881422045983,-0.17797675403284519,0.05595091573025373,0.014543288463410575
53.037,5265,53,36000000,,"['joint1', 'joint2']",0.17366175654509686,-0.18546547370647293,0.3334987127178044,-0.7799939796673767
53.047,5266,53,47000000,,"['joint1', 'joint2']",0.17554311908310005,-0.18880621039125156,0.12073425506502944,-0.1284275329714187
53.057,5267,53,56000000,,"['joint1', 'joint2']",0.17647739171788146,-0.18927986432729593,0.08040945941126217,-0.009921890352204643
53.067,5268,53,66000000,,"['joint1', 'joint2']",0.17722217643936578,-0.18923159002841317,0.07131009654628888,0.011616159986780325
53.077,5269,53,76000000,,"['joint1', 'joint2']",0.17791440779448475,-0.18908934359174623,0.06780848176076412,0.015384611771870393
53.087,5270,53,86000000,,"['joint1', 'joint2']",0.1785781319258435,-0.18893196011506586,0.0652378658433743,0.01584031675058367
53.097,5271,53,96000000,,"['joint1', 'joint2']",0.1792168818500146,-0.18877448134722652,0.06275570642901757,0.015629384110729408
53.107,5272,53,106000000,,"['joint1', 'joint2']",0.1798305393544526,-0.1886202366959786,0.06021757678660525,0.015241248647095043
53.117,5273,53,116000000,,"['joint1', 'joint2']",0.18041841294382355,-0.18847035586824656,0.05760640403601434,0.014771242013877327
53.127,5274,53,126000000,,"['joint1', 'joint2']",0.18097979865690217,-0.18832550893603894,0.05492823252514337,0.014242429959266431
53.137,5275,53,136000000,,"['joint1', 'joint2']",0.18411458709180906,-0.19579572493982234,0.33223248747126266,-0.7802245546630899
53.147,5276,53,146000000,,"['joint1', 'joint2']",0.1859880931133171,-0.19915326736849082,0.1199419773636975,-0.1301449356254675
53.157,5277,53,156000000,,"['joint1', 'joint2']",0.1869123870120637,-0.19963914492712576,0.0792596169818394,-0.010799714535678906
53.167,5278,53,166000000,,"['joint1', 'joint2']",0.18764445105286942,-0.1995974268382934,0.06995959022047601,0.011079401972544131
53.177,5279,53,176000000,,"['joint1', 'joint2']",0.1883225251175178,-0.19945999549079918,0.0663481981101309,0.014926823238225848
53.187,5280,53,186000000,,"['joint1', 'joint2']",0.18897121073017153,-0.19930715288981649,0.06370174670273678,0.015383554146803785
53.197,5281,53,196000000,,"['joint1', 'joint2']",0.18959425225655302,-0.19915432677924017,0.0611582577563925,0.015155845085098603
53.207,5282,53,206000000,,"['joint1', 'joint2']",0.19019164129520139,-0.19900491972928336,0.0585680507691611,0.014748897023159797
53.217,5283,53,216000000,,"['joint1', 'joint2']",0.19076276960987837,-0.1988600568114629,0.055912672835062516,0.014261750470522687
53.227,5284,53,226000000,,"['joint1', 'joint2']",0.1913070090994342,-0.1987203860177411,0.05319772344670837,0.013718244654683388
53.237,5285,53,236000000,,"['joint1', 'joint2']",0.1944161984254409,-0.20617305724144241,0.3304581723670005,-0.7807066672927478
53.247,5286,53,246000000,,"['joint1', 'joint2']",0.19627655438278957,-0.20954988815927234,0.11863000495214926,-0.13209774054162712
53.257,5287,53,256000000,,"['joint1', 'joint2']",0.19718593687793895,-0.21004999485252984,0.07764286653021035,-0.011852367855481452
53.267,5288,53,266000000,,"['joint1', 'joint2']",0.19790097565497167,-0.21001633698385902,0.06820857139589571,0.010410192575281585
53.277,5289,53,275000000,,"['joint1', 'joint2']",0.1985612787806419,-0.20988488314785947,0.06455770897789409,0.014365792171322889
53.287,5290,53,286000000,,"['joint1', 'joint2']",0.19919200948595872,-0.20973748135739978,0.06190492474190447,0.014847719214627957
53.297,5291,53,296000000,,"['joint1', 'joint2']",0.1997971106738854,-0.20958997823952874,0.05936778471183314,0.014625312978626147
53.307,5292,53,307000000,,"['joint1', 'joint2']",0.2003766636649944,-0.20944586456910042,0.056790949009361304,0.014220510663481775
53.317,5293,53,316000000,,"['joint1', 'joint2']",0.20093012031683255,-0.20930627050687622,0.05415439735984747,0.013736308683596113
53.327,5294,53,326000000,,"['joint1', 'joint2']",0.20145690362988322,-0.20917183047876353,0.05146316610158039,0.013197358968716232
53.337,5295,53,336000000,,"['joint1', 'joint2']",0.2045405402885283,-0.2166055623023171,0.32866202249051535,-0.7811078462225343
53.347,5296,53,346000000,,"['joint1', 'joint2']",0.20638857762127216,-0.2200019453951123,0.11744620094082849,-0.1340896406636426
53.357,5297,53,356000000,,"['joint1', 'joint2']",0.20728459685426248,-0.22051635158936644,0.07619967014954408,-0.012884890298036591
53.367,5298,53,366000000,,"['joint1', 'joint2']",0.207984574630399,-0.22049030575598927,0.0666732587416909,0.009802299432565234
53.377,5299,53,376000000,,"['joint1', 'joint2']",0.2086295051406104,-0.22036407736147456,0.06302688916066407,0.013889608659187314
53.387,5300,53,386000000,,"['joint1', 'joint2']",0.2092451158939257,-0.2202211747188585,0.06041082309535932,0.01441304111245735
53.397,5301,53,396000000,,"['joint1', 'joint2']",0.20983553006285138,-0.220077907165793,0.05792075293860506,0.014209451389903753
53.407,5302,53,406000000,,"['joint1', 'joint2']",0.21040089248081628,-0.21993787275156862,0.05539523715066513,0.013818875078607573
53.417,5303,53,416000000,,"['joint1', 'joint2']",0.21094068664310672,-0.21980221866229144,0.052812590650397014,0.013348607538800898
53.427,5304,53,426000000,,"['joint1', 'joint2']",0.21145435746511954,-0.2196715754481291,0.050177227000081905,0.012824278219847524
53.437,5305,53,436000000,,"['joint1', 'joint2']",0.21451667603332947,-0.22708363801412634,0.32733259653749125,-0.7813253061264749
53.447,5306,53,446000000,,"['joint1', 'joint2']",0.21635749766624102,-0.2304985177931469,0.11679030541064898,-0.13598742293998314
53.457,5307,53,456000000,,"['joint1', 'joint2']",0.21724550282350386,-0.23102603292657609,0.0752963942545793,-0.013777653881975542
53.467,5308,53,466000000,,"['joint1', 'joint2']",0.21793588991581458,-0.23100602103151768,0.06569133180851756,0.009363774517125598
53.477,5309,53,476000000,,"['joint1', 'joint2']",0.21857106609016252,-0.2308832398709102,0.062064839949213156,0.013596623079287183
53.487,5310,53,486000000,,"['joint1', 'joint2']",0.21917732607113738,-0.23074296207856904,0.05950005488600549,0.014168663124440636
53.497,5311,53,497000000,,"['joint1', 'joint2']",0.2197589573667278,-0.2306020012501513,0.05706958401365381,0.013988331966203568
53.507,5312,53,506000000,,"['joint1', 'joint2']",0.22031614571459368,-0.23046408070651747,0.05460556427558646,0.013615061318238121
53.517,5313,53,516000000,,"['joint1', 'joint2']",0.22084838180867727,-0.23033037471922846,0.052084493480897,0.013161038890114697
53.527,5314,53,526000000,,"['joint1', 'joint2']",0.221355108788444,-0.2302015188580837,0.04951034369497193,0.012652775423783735
53.537,5315,53,536000000,,"['joint1', 'joint2']",0.2244019232456349,-0.23758874604640123,0.3266131432431871,-0.7813098204137713
53.547,5316,53,546000000,,"['joint1', 'joint2']",0.22624191884406653,-0.2410206081333408,0.11678001873085232,-0.13775040768879093
53.557,5317,53,556000000,,"['joint1', 'joint2']",0.22712830569057818,-0.24155970008678285,0.07502695065016524,-0.014501226443960999
53.567,5318,53,566000000,,"['joint1', 'joint2']",0.2278153797506759,-0.24154389656489172,0.0653327922588955,0.00911577587717527
53.577,5319,53,574000000,,"['joint1', 'joint2']",0.2284469910557574,-0.24142261378583818,0.06171825690525374,0.013500612494505418
53.587,5320,53,586000000,,"['joint1', 'joint2']",0.2290500121749819,-0.24128298800856385,0.05919686219223953,0.014121265484321598
53.597,5321,53,596000000,,"['joint1', 'joint2']",0.22962888791933977,-0.24114237620217605,0.056816976595198514,0.013961777866021395
53.607,5322,53,606000000,,"['joint1', 'joint2']",0.23018383145686805,-0.2410046421501626,0.05440395707438193,0.013602428102578792
53.617,5323,53,616000000,,"['joint1', 'joint2']",0.23071432611765985,-0.2408709951390744,0.0519325666666653,0.013160529290268952
53.627,5324,53,626000000,,"['joint1', 'joint2']",0.23121979878737342,-0.24074208055716717,0.0494063049884367,0.012663810531921046
53.637,5325,53,636000000,,"['joint1', 'joint2']",0.2342562855052055,-0.24810159326291537,0.3264286245976803,-0.7810821782999622
53.647,5326,53,646000000,,"['joint1', 'joint2']",0.23610099469484958,-0.25154914262369044,0.1173233621501379,-0.13940440838752866
53.657,5327,53,656000000,,"['joint1', 'joint2']",0.2369911598963892,-0.2520985887059206,0.07528490868966153,-0.01509010709464488
53.667,5328,53,666000000,,"['joint1', 'joint2']",0.23768005483683563,-0.2520855442550234,0.06547684327660594,0.009018404144681871
53.677,5329,53,676000000,,"['joint1', 'joint2']",0.23831300720084592,-0.2519642339726653,0.06185275425713365,0.013557392262190944
53.687,5330,53,686000000,,"['joint1', 'joint2']",0.23891748750082886,-0.25182375089894915,0.05935428943769182,0.014222764269496327
53.697,5331,53,696000000,,"['joint1', 'joint2']",0.23949810122616988,-0.25168203134438727,0.05700445331083193,0.014078095957519875
53.707,5332,53,707000000,,"['joint1', 'joint2']",0.2400550859625028,-0.2515430918554813,0.05462148763848722,0.013725906671007433
53.717,5333,53,716000000,,"['joint1', 'joint2']",0.24058791325820295,-0.2514081812663349,0.05217838276255351,0.013289093317358218
53.727,5334,53,726000000,,"['joint1', 'joint2']",0.24109598954012768,-0.25127795669583985,0.04967822605786355,0.012796730136976804
53.737,5335,53,736000000,,"['joint1', 'joint2']",0.24412543530140685,-0.258607557558463,0.3265834323207355,-0.7807015047280788
53.747,5336,53,746000000,,"['joint1', 'joint2']",0.24597839887074446,-0.2620700875575004,0.11821802501942576,-0.1410106314836271
53.757,5337,53,756000000,,"['joint1', 'joint2']",0.2468756919295414,-0.2626293094694212,0.07586354937869993,-0.015610770536011655
53.767,5338,53,766000000,,"['joint1', 'joint2']",0.2475694495067593,-0.2626182525690872,0.0659116645757099,0.009003667180019742
53.777,5339,53,776000000,,"['joint1', 'joint2']",0.2482065169593035,-0.26249608142603353,0.06225318506321355,0.013697652643666243
53.787,5340,53,786000000,,"['joint1', 'joint2']",0.24881498976459682,-0.26235393305435295,0.05975450682255907,0.014402958551024282
53.797,5341,53,796000000,,"['joint1', 'joint2']",0.24939964631137812,-0.26221035673478443,0.057412249429965215,0.014266486824116721
53.807,5342,53,806000000,,"['joint1', 'joint2']",0.24996075406752638,-0.2620695318151611,0.05503719340071924,0.013914436502829967
53.817,5343,53,816000000,,"['joint1', 'joint2']",0.25049777649864957,-0.2619327487779586,0.052600596852186175,0.01347558643329775
53.827,5344,53,826000000,,"['joint1', 'joint2']",0.2510101030662826,-0.2618006760431264,0.050105132062790804,0.01298054297011493
53.837,5345,53,836000000,,"['joint1', 'joint2']",0.2540338267477633,-0.2690988871375284,0.32679363700810804,-0.7802316868041195
53.847,5346,53,846000000,,"['joint1', 'joint2']",0.2558961580508008,-0.27257634923500174,0.11923974509124241,-0.14264142824881254
53.857,5347,53,856000000,,"['joint1', 'joint2']",0.2568017426539688,-0.2731454914475284,0.0765469975456574,-0.01613477055317266
53.867,5348,53,866000000,,"['joint1', 'joint2']",0.25750126590287614,-0.27313635434788797,0.06642604735096141,0.009000998447469585
53.877,5349,53,876000000,,"['joint1', 'joint2']",0.25814311508443755,-0.27301317260630853,0.06271111015499009,0.013853027748245025
53.887,5350,53,886000000,,"['joint1', 'joint2']",0.2587560452406059,-0.2728692182911754,0.06019284282315894,0.014595310176260874
53.897,5351,53,896000000,,"['joint1', 'joint2']",0.2593450252611218,-0.27272368761572885,0.05784021311279829,0.01446212846664538
53.907,5352,53,906000000,,"['joint1', 'joint2']",0.2599103629357744,-0.27258093213275636,0.05545609787174952,0.014104804936384649
53.917,5353,53,916000000,,"['joint1', 'joint2']",0.26045152173064956,-0.2724422848342867,0.053009783661757084,0.01365864766094664
53.927,5354,53,926000000,,"['joint1', 'joint2']",0.2609678817765939,-0.2723084238957494,0.05050354782969023,0.013155857232281909
53.937,5355,53,936000000,,"['joint1', 'joint2']",0.2639849040093347,-0.27957453100897833,0.3270202540019682,-0.7797226042583931
53.947,5356,53,946000000,,"['joint1', 'joint2']",0.265856483910631,-0.2830673509789223,0.12022781505933576,-0.14433465058244865
53.957,5357,53,956000000,,"['joint1', 'joint2']",0.2667698770034983,-0.2836469964222834,0.07717131532863156,-0.01670972967756809
53.967,5358,53,966000000,,"['joint1', 'joint2']",0.26747446604246683,-0.2836402026161311,0.06686257690077409,0.00896142390330229
53.977,5359,53,975000000,,"['joint1', 'joint2']",0.26812023628483495,-0.2835163481226619,0.06307686648521241,0.013975979213148498
53.987,5360,53,986000000,,"['joint1', 'joint2']",0.26873663601687614,-0.2833709133650695,0.06052730842101919,0.014754546109866713
53.997,5361,53,996000000,,"['joint1', 'joint2']",0.2693288435898058,-0.2832237723052611,0.05815407292983688,0.014622224153537582
54.007,5362,54,6000000,,"['joint1', 'joint2']",0.26989721881728546,-0.2830794572972648,0.055751703310614534,0.014256791217969148
54.017,5363,54,16000000,,"['joint1', 'joint2']",0.27044123441756707,-0.28293934470360504,0.053287329904446096,0.013800599156562399
54.027,5364,54,26000000,,"['joint1', 'joint2']",0.2709602694595601,-0.2828041206418872,0.05076279314652071,0.013287554685122868
54.037,5365,54,36000000,,"['joint1', 'joint2']",0.2739688536799232,-0.290037548219539,0.3270977514692389,-0.7792472079964876
54.047,5366,54,46000000,,"['joint1', 'joint2']",0.2758482527797099,-0.29354658778532894,0.12108241975930109,-0.1461320641890262
54.057,5367,54,56000000,,"['joint1', 'joint2']",0.27676805592790377,-0.2941376718028934,0.07764988772439892,-0.017366952549474103
54.067,5368,54,66000000,,"['joint1', 'joint2']",0.2774761892557631,-0.29413392840250285,0.06714320348622344,0.008858075040341806
54.077,5369,54,76000000,,"['joint1', 'joint2']",0.2781242745739174,-0.2940099831249423,0.06327964444403843,0.014043179350723259
54.087,5370,54,86000000,,"['joint1', 'joint2']",0.2787424872948234,-0.29386360800254696,0.06069456208324624,0.01486019860504454
54.097,5371,54,96000000,,"['joint1', 'joint2']",0.2793362337477694,-0.2937153889337374,0.0582980397533727,0.014728799669719135
54.107,5372,54,106000000,,"['joint1', 'joint2']",0.2799059364531997,-0.2935700493104001,0.05587562417814159,0.014354892704887316
54.117,5373,54,116000000,,"['joint1', 'joint2']",0.28045108506765537,-0.2934290103677766,0.05339212294631246,0.013888302815511774
54.127,5374,54,126000000,,"['joint1', 'joint2']",0.28097106421514084,-0.29329296512516745,0.05084885656608448,0.013364791726935096
54.137,5375,54,136000000,,"['joint1', 'joint2']",0.2839691324901841,-0.3004933895346582,0.32696962485964837,-0.7787197385664085
54.147,5376,54,146000000,,"['joint1', 'joint2']",0.28585473744230416,-0.30401940932284255,0.12178026501568766,-0.14803655661942958
54.157,5377,54,156000000,,"['joint1', 'joint2']",0.28677937594746794,-0.3046229158949245,0.07796870029795863,-0.018111452807912175
54.167,5378,54,166000000,,"['joint1', 'joint2']",0.28748942758577556,-0.3046229683444093,0.0672580630103707,0.008689795894670768
54.177,5379,54,176000000,,"['joint1', 'joint2']",0.28813817891142257,-0.3044995310399692,0.06331685547275695,0.014054973064520887
54.187,5380,54,186000000,,"['joint1', 'joint2']",0.28875656278854045,-0.3043527509372215,0.060698281222160554,0.01491431350784711
54.197,5381,54,196000000,,"['joint1', 'joint2']",0.28935022963197365,-0.30420396212827594,0.05828133663911678,0.014785767638517723
54.206,5382,54,206000000,,"['joint1', 'joint2']",0.2899196730829132,-0.30405809113959137,0.05584234222655515,0.014404655126642574
54.217,5383,54,216000000,,"['joint1', 'joint2']",0.29046440474297075,-0.3039166067884391,0.05334358979514301,0.013928841615315067
54.227,5384,54,226000000,,"['joint1', 'joint2']",0.2909838186703926,-0.3037802089859083,0.05078581329785981,0.013396103219365095
54.236,5385,54,236000000,,"['joint1', 'joint2']",0.29369122350113663,-0.3101562205213959,0.370223666702673,-0.9136311707158276
54.247,5386,54,246000000,,"['joint1', 'joint2']",0.29578323469774226,-0.3143286546233295,0.13131528256529354,-0.1781569229776897
54.257,5387,54,256000000,,"['joint1', 'joint2']",0.2967529818228316,-0.3150771874975469,0.07998946541147765,-0.024875115007458815
54.267,5388,54,266000000,,"['joint1', 'joint2']",0.29747192428046354,-0.315109734153749,0.06758707031767654,0.00717977032994109
54.277,5389,54,276000000,,"['joint1', 'joint2']",0.2981214147226874,-0.3149935229645804,0.06326517798186408,0.013720349904859777
54.287,5390,54,286000000,,"['joint1', 'joint2']",0.298738709188739,-0.31484834751519664,0.060561281654263104,0.014838692704843455
54.297,5391,54,296000000,,"['joint1', 'joint2']",0.2993308781021131,-0.31469994420917935,0.05812536565044674,0.01476447252841321
54.307,5392,54,306000000,,"['joint1', 'joint2']",0.2998987338742394,-0.31455421851896137,0.05568233429501877,0.014392528573224733
54.317,5393,54,316000000,,"['joint1', 'joint2']",0.30044186092281144,-0.3144128534352175,0.05318307351673524,0.013916185733548005
54.327,5394,54,326000000,,"['joint1', 'joint2']",0.30095967150259817,-0.31427659307799516,0.05062578314382246,0.01338108511913843
54.337,5395,54,336000000,,"['joint1', 'joint2']",0.30393214487451115,-0.32140966971600804,0.3262383242841561,-0.7776475905111591
54.347,5396,54,346000000,,"['joint1', 'joint2']",0.3058265861200127,-0.32497158615742094,0.1228738692716084,-0.1521170796887804
54.357,5397,54,356000000,,"['joint1', 'joint2']",0.3067579909214002,-0.32560243507271736,0.07831892428743588,-0.019816328048121647
54.367,5398,54,367000000,,"['joint1', 'joint2']",0.3074690266178779,-0.32561181733230704,0.0672069520119703,0.008207821808728505
54.377,5399,54,376000000,,"['joint1', 'joint2']",0.30811636148002286,-0.3254906044584649,0.06312435998782612,0.01397207073461959
54.387,5400,54,386000000,,"['joint1', 'joint2']",0.30873252285310837,-0.32534395737636146,0.0604590048902778,0.014935438431802929
54.397,5401,54,396000000,,"['joint1', 'joint2']",0.3093236853188399,-0.3251948289452793,0.05802387398129629,0.014824092586509983
54.409,5402,54,407000000,,"['joint1', 'joint2']",0.3098904956873483,-0.3250485966795482,0.05557487631085255,0.014437500951399417
54.417,5403,54,416000000,,"['joint1', 'joint2']",0.3104325104402541,-0.3249068398908772,0.05306868003258979,0.013951244382734873
54.427,5404,54,426000000,,"['joint1', 'joint2']",0.3109491397600026,-0.3247702779285664,0.0505045917991906,0.013407667263375778
54.437,5405,54,436000000,,"['joint1', 'joint2']",0.31390833888681247,-0.3318682358186553,0.32582359290493795,-0.7770330100750604
54.447,5406,54,446000000,,"['joint1', 'joint2']",0.3158071207447932,-0.33544822985103906,0.12343158626954293,-0.15421220950983913
54.457,5407,54,457000000,,"['joint1', 'joint2']",0.3167420223477606,-0.33609325816543567,0.0785021818947712,-0.0207073904310619
54.467,5408,54,466000000,,"['joint1', 'joint2']",0.3174535783077168,-0.33610752182934256,0.06718033726887285,0.007957042715285662
54.477,5409,54,476000000,,"['joint1', 'joint2']",0.31810016458080703,-0.335987431982379,0.06302222629800161,0.013934692224950751
54.487,5410,54,486000000,,"['joint1', 'joint2']",0.3187151439312501,-0.3358407813396411,0.06033159018847209,0.014954519486511941
54.497,5411,54,496000000,,"['joint1', 'joint2']",0.3193049721983474,-0.3356913926405527,0.05788669444752347,0.014852422327624445
54.507,5412,54,507000000,,"['joint1', 'joint2']",0.31987037998420753,-0.3355448908080936,0.05543244358542044,0.014462504622659508
54.517,5413,54,517000000,,"['joint1', 'joint2']",0.3204109485739295,-0.33540291687124046,0.05292240549480699,0.01397012501614639
54.527,5414,54,526000000,,"['joint1', 'joint2']",0.32092609694330765,-0.33526620117133454,0.050355082664256146,0.013420201757490417
54.537,5415,54,536000000,,"['joint1', 'joint2']",0.32387141515217266,-0.34232835229302694,0.3253635317200197,-0.7763245573207727
54.547,5416,54,546000000,,"['joint1', 'joint2']",0.32577440091842114,-0.34592667031759916,0.12398388715421384,-0.15636321507687473
54.557,5417,54,556000000,,"['joint1', 'joint2']",0.32671275452667015,-0.3465864057124026,0.07867996776287127,-0.021642511727689218
54.567,5418,54,566000000,,"['joint1', 'joint2']",0.32742475813013616,-0.3466058664311067,0.06714540875575456,0.007683659456560327
54.577,5419,54,576000000,,"['joint1', 'joint2']",0.3280705102350465,-0.3464870533221225,0.06291175396524382,0.01388652180673472
54.587,5420,54,587000000,,"['joint1', 'joint2']",0.32868423347840725,-0.34634047428073433,0.06019771610496098,0.014968127044437667
54.597,5421,54,596000000,,"['joint1', 'joint2']",0.3292726770838774,-0.3461908648349725,0.057745683177255196,0.014877803006025855
54.607,5422,54,606000000,,"['joint1', 'joint2']",0.3298366593999589,-0.3460441142091879,0.05528899079401612,0.014486060457616384
54.617,5423,54,616000000,,"['joint1', 'joint2']",0.33037578699232206,-0.34590193117748314,0.052777892656015714,0.013988696398404228
54.627,5424,54,626000000,,"['joint1', 'joint2']",0.330889486863005,-0.345765059298869,0.05021001425806156,0.013433420387754962
54.637,5425,54,636000000,,"['joint1', 'joint2']",0.33382071081931297,-0.3527906050298766,0.32488422456062527,-0.7755406304524202
54.647,5426,54,646000000,,"['joint1', 'joint2']",0.3357280048762563,-0.3564073305861237,0.12456006416115449,-0.15855442037726844
54.657,5427,54,656000000,,"['joint1', 'joint2']",0.33667005805112193,-0.35708216323291975,0.0788816409412253,-0.022609454125120665
54.667,5428,54,666000000,,"['joint1', 'joint2']",0.33738272582406914,-0.35710702178925846,0.06713109511299677,0.0073983591836598445
54.677,5429,54,676000000,,"['joint1', 'joint2']",0.3380278337578009,-0.35698953015699075,0.06282012731482425,0.013838001000087238
54.687,5430,54,686000000,,"['joint1', 'joint2']",0.338640488516031,-0.3568429931891197,0.06008298645717702,0.014986336058317874
54.697,5431,54,696000000,,"['joint1', 'joint2']",0.33922774462128835,-0.3566931030130007,0.05762499652638444,0.014909753559615845
54.707,5432,54,706000000,,"['joint1', 'joint2']",0.3397905119974025,-0.3565460307203985,0.0551672314741658,0.014517102555872748
54.717,5433,54,716000000,,"['joint1', 'joint2']",0.34032842287271947,-0.35640355915929334,0.052656415154495255,0.014015287707741193
54.727,5434,54,726000000,,"['joint1', 'joint2']",0.34084091139185446,-0.3562664473665915,0.05008921608178336,0.013455046132330707
54.737,5435,54,736000000,,"['joint1', 'joint2']",0.3437579733079392,-0.3632545552280906,0.324402432167083,-0.7746207154879923
54.747,5436,54,746000000,,"['joint1', 'joint2']",0.3456698920047918,-0.3668896399574564,0.1251759364947298,-0.16077658442453052
54.757,5437,54,756000000,,"['joint1', 'joint2']",0.34661605960526476,-0.3675798995043138,0.07912298869722588,-0.0236027592234472
54.767,5438,54,766000000,,"['joint1', 'joint2']",0.3473297560531208,-0.3676103052888635,0.06714978295236446,0.007107341614212517
54.777,5439,54,776000000,,"['joint1', 'joint2']",0.34797454456307264,-0.36749413313124535,0.06275936542826029,0.013794501435303336
54.787,5440,54,786000000,,"['joint1', 'joint2']",0.34858643767363606,-0.3673475648658018,0.05999844748315767,0.015013904449041382
54.797,5441,54,796000000,,"['joint1', 'joint2']",0.3491728079270766,-0.36719729393430356,0.057534346764123515,0.01495260854214376
54.807,5442,54,807000000,,"['joint1', 'joint2']",0.34973466137611364,-0.3670497916487667,0.05507555453598331,0.01455943033533516
54.817,5443,54,816000000,,"['joint1', 'joint2']",0.350271656695325,-0.366906921434591,0.05256503219411913,0.014053173897832706
54.827,5444,54,826000000,,"['joint1', 'joint2']",0.3507832346737434,-0.36676946006168265,0.04999843594467356,0.013487848729856942
54.837,5445,54,836000000,,"['joint1', 'joint2']",0.35368629723966727,-0.37371928363830165,0.32392499962649274,-0.7737144527168427
54.847,5446,54,846000000,,"['joint1', 'joint2']",0.3556030419210163,-0.37737270309161275,0.12582894975290648,-0.16302126007883844
54.857,5447,54,856000000,,"['joint1', 'joint2']",0.35655373174868643,-0.3780786642412757,0.0794050712559119,-0.024619873308406884
54.866,5448,54,866000000,,"['joint1', 'joint2']",0.3572688351217632,-0.37811475637249625,0.06720433312587518,0.006809726998901075
54.877,5449,54,876000000,,"['joint1', 'joint2']",0.357913633109443,-0.3779998997249132,0.06273015429235915,0.013755264513516038
54.887,5450,54,886000000,,"['joint1', 'joint2']",0.35852506520788374,-0.3778532275440041,0.059943202339595596,0.015050128320662194
54.897,5451,54,896000000,,"['joint1', 'joint2']",0.3591108347360743,-0.3777024790351087,0.05747172572233261,0.015005399708386179
54.907,5452,54,906000000,,"['joint1', 'joint2']",0.3596720488642031,-0.3775544443567167,0.05501093266718929,0.014611851204710098
54.917,5453,54,916000000,,"['joint1', 'joint2']",0.360208394111047,-0.3774110742848853,0.05249980279712301,0.01410090653435115
54.927,5454,54,926000000,,"['joint1', 'joint2']",0.3607193179696422,-0.3772731655549846,0.04993289254373454,0.013530121260626707
54.937,5455,54,936000000,,"['joint1', 'joint2']",0.36360833569887685,-0.38418393516142313,0.3234430485837518,-0.7726687332971898
54.947,5456,54,946000000,,"['joint1', 'joint2']",0.36553017713987224,-0.3878555690633201,0.12651773612157696,-0.16529298976262907
54.957,5457,54,956000000,,"['joint1', 'joint2']",0.3664857562880046,-0.3885775481716882,0.07972298968028022,-0.025664895227472742
54.967,5458,54,966000000,,"['joint1', 'joint2']",0.36720257395495004,-0.38861949766178405,0.0672873478915514,0.006502361355986447
54.977,5459,54,976000000,,"['joint1', 'joint2']",0.36784763188594916,-0.38850598318722884,0.06272432826116578,0.013717289726272355
54.987,5460,54,986000000,,"['joint1', 'joint2']",0.3684588185519555,-0.38835916413670546,0.059908469285242814,0.015092048926604283
54.997,5461,54,996000000,,"['joint1', 'joint2']",0.36904418186651533,-0.38820787098436593,0.05742782947425071,0.015065118311609421
55.007,5462,55,6000000,,"['joint1', 'joint2']",0.3696049359520046,-0.38805923207950777,0.05496362537609487,0.014671258596666029
55.017,5463,55,16000000,,"['joint1', 'joint2']",0.37014079724650895,-0.38791529255437673,0.052450609891291855,0.014155272109729465
55.027,5464,55,26000000,,"['joint1', 'joint2']",0.3706512205740031,-0.3877768713460297,0.04988214676905473,0.013578548470400624
55.037,5465,55,36000000,,"['joint1', 'joint2']",0.3735260589910263,-0.39464789669945066,0.3229443326817294,-0.7714830581964904
55.047,5466,55,46000000,,"['joint1', 'joint2']",0.37545314234687766,-0.3983376081320005,0.12723160260211316,-0.16759455545299515
55.057,5467,55,56000000,,"['joint1', 'joint2']",0.376413861122594,-0.39907594760296394,0.08006187906508276,-0.02673962616807942
55.067,5468,55,66000000,,"['joint1', 'joint2']",0.37713259155925716,-0.3991239666513433,0.06738600978965373,0.006182344774287474
55.077,5469,55,75000000,,"['joint1', 'joint2']",0.37777804927155056,-0.39901186211007644,0.06273008302554728,0.013677341174582275
55.087,5470,55,86000000,,"['joint1', 'joint2']",0.37838909374545526,-0.39886489221595944,0.05988281333272152,0.015136381427740063
55.097,5471,55,96000000,,"['joint1', 'joint2']",0.3789741321082305,-0.3987130247677122,0.057391273789353325,0.015128611173938024
55.107,5472,55,106000000,,"['joint1', 'joint2']",0.37953449208932266,-0.39856374647739123,0.05492232070068641,0.014734487876578127
55.117,5473,55,116000000,,"['joint1', 'joint2']",0.38006992264793826,-0.39841920411166853,0.0524062150395218,0.0142131028215004
55.127,5474,55,126000000,,"['joint1', 'joint2']",0.38057988699730316,-0.398280241114799,0.04983505530178809,0.013629970492232052
55.137,5475,55,136000000,,"['joint1', 'joint2']",0.38344046516943386,-0.40511083890190935,0.3224241291114928,-0.7703218257762747
55.147,5476,55,147000000,,"['joint1', 'joint2']",0.3853726904156609,-0.4088186162618248,0.12795026710374977,-0.1699163578368045
55.157,5477,55,156000000,,"['joint1', 'joint2']",0.38633865907990295,-0.40957364066872426,0.08041381517264772,-0.02784734330324648
55.167,5478,55,166000000,,"['joint1', 'joint2']",0.38705939125537103,-0.4096279682496835,0.06749155225109578,0.005845084358879649
55.177,5479,55,175000000,,"['joint1', 'joint2']",0.3877052859081207,-0.4095173762150539,0.06273794309084606,0.013631174616304156
55.187,5480,55,186000000,,"['joint1', 'joint2']",0.3883161920824616,-0.4093702852147372,0.059856562263411024,0.015179326898568012
55.197,5481,55,196000000,,"['joint1', 'joint2']",0.388900890246374,-0.4092178455029103,0.0573525809797994,0.015192245061961207
55.207,5482,55,206000000,,"['joint1', 'joint2']",0.3894608285073975,-0.40906792260724334,0.054877792114042284,0.014798132496233553
55.217,5483,55,216000000,,"['joint1', 'joint2']",0.38999579120870553,-0.40892277260193577,0.05235771597671114,0.014271159425162515
55.227,5484,55,226000000,,"['joint1', 'joint2']",0.39050525122776136,-0.4087832659128656,0.049783076338539074,0.013681296060152247
55.237,5485,55,236000000,,"['joint1', 'joint2']",0.39335126302175816,-0.4155728724827146,0.32186757188572446,-0.7690252714376211
55.247,5486,55,246000000,,"['joint1', 'joint2']",0.3952885637375134,-0.4192985717653315,0.12867344149711601,-0.172268844044226
55.256,5487,55,256000000,,"['joint1', 'joint2']",0.3962598437341516,-0.4200706606510263,0.08077222622932868,-0.028992214369603843
55.267,5488,55,266000000,,"['joint1', 'joint2']",0.3969825993707543,-0.42013157164469206,0.0675972770403666,0.005487365891637605
55.276,5489,55,276000000,,"['joint1', 'joint2']",0.3976289023517845,-0.420022623443602,0.06274141794135739,0.01357614407844386
55.287,5490,55,286000000,,"['joint1', 'joint2']",0.39823961103297645,-0.41987546506959816,0.05982354044833808,0.015218626770889664
55.296,5491,55,296000000,,"['joint1', 'joint2']",0.39882389405337104,-0.41972247590410916,0.05730593636848699,0.015254013495205575
55.307,5492,55,306000000,,"['joint1', 'joint2']",0.3993833270958671,-0.4195719218184042,0.05482461803402692,0.014860380383939442
55.317,5493,55,316000000,,"['joint1', 'joint2']",0.39991773292728006,-0.41942617629641266,0.052300096682566584,0.014327785749368625
55.327,5494,55,326000000,,"['joint1', 'joint2']",0.4004265954436459,-0.4192861394674763,0.04972160317069729,0.013731009673848972
55.337,5495,55,336000000,,"['joint1', 'joint2']",0.4032576821455738,-0.42603425309052323,0.3212786674266667,-0.7675996935987841
55.347,5496,55,346000000,,"['joint1', 'joint2']",0.40519995805329767,-0.42977769105335906,0.1293977324386501,-0.17465240770850046
55.357,5497,55,356000000,,"['joint1', 'joint2']",0.4061765723741262,-0.4305672262253504,0.08113039925880983,-0.03017344321351527
55.367,5498,55,367000000,,"['joint1', 'joint2']",0.4069013440683209,-0.43063500950941336,0.06769895240140378,0.005108871747588908
55.377,5499,55,376000000,,"['joint1', 'joint2']",0.40754800118007495,-0.43052785033519925,0.06273759333347592,0.013511778739614067
55.387,5500,55,386000000,,"['joint1', 'joint2']",0.40815843047993994,-0.43038068897288095,0.05978153330607072,0.01525394792807476
55.397,5501,55,396000000,,"['joint1', 'joint2']",0.40874220379853465,-0.43022718092905254,0.05724952138637202,0.015313901841330559
55.407,5502,55,406000000,,"['joint1', 'joint2']",0.4093010318385808,-0.43007601482399505,0.05476136978407084,0.014921301067664768
55.417,5503,55,416000000,,"['joint1', 'joint2']",0.40983477891934594,-0.42992969018335714,0.05223227184407348,0.014383145397229638
55.427,5504,55,426000000,,"['joint1', 'joint2']",0.4103429412680457,-0.4297891397957976,0.049649872399665076,0.013779360750233033
55.437,5505,55,436000000,,"['joint1', 'joint2']",0.4131589730393195,-0.4364951718093977,0.3206343569776202,-0.7661902470428291
55.447,5506,55,446000000,,"['joint1', 'joint2']",0.4151059234455703,-0.44025632305017304,0.1301098450894702,-0.17704993430527016
55.457,5507,55,456000000,,"['joint1', 'joint2']",0.4160878515446047,-0.4410636268885231,0.08149009968953891,-0.03139043033883056
55.467,5508,55,466000000,,"['joint1', 'joint2']",0.41681462899123733,-0.4411385635841718,0.06779816141373216,0.004708556892668581
55.478,5509,55,474000000,,"['joint1', 'joint2']",0.4174615917275508,-0.44103333933329747,0.06272766408414053,0.013437251879852175
55.487,5510,55,486000000,,"['joint1', 'joint2']",0.41807166899805814,-0.4408862388663053,0.059731642025383586,0.015284862182841197
55.496,5511,55,496000000,,"['joint1', 'joint2']",0.41865484975068057,-0.4407322399195115,0.05718459813258241,0.015371615250385821
55.507,5512,55,506000000,,"['joint1', 'joint2']",0.41921298685931774,-0.4405804765809114,0.0546894916248163,0.014980777749746751
55.517,5513,55,516000000,,"['joint1', 'joint2']",0.4197459893361293,-0.440433583901652,0.05215589157368618,0.014437258378152906
55.527,5514,55,526000000,,"['joint1', 'joint2']",0.42025336690188286,-0.44029253040186056,0.04956974272726417,0.013826474792593503
55.536,5515,55,536000000,,"['joint1', 'joint2']",0.42305400564684614,-0.44695604239421716,0.31996379585533685,-0.7646511628471213
55.547,5516,55,546000000,,"['joint1', 'joint2']",0.42500554377877897,-0.45073465356658193,0.13082388105259313,-0.17947264937094884
55.557,5517,55,556000000,,"['joint1', 'joint2']",0.4259928253828278,-0.4515600731421694,0.0818551170332505,-0.032643943707970455
55.567,5518,55,566000000,,"['joint1', 'joint2']",0.42672162921604695,-0.4516424465311415,0.06789790548191824,0.004286388009777209
55.577,5519,55,576000000,,"['joint1', 'joint2']",0.4273688777910678,-0.451539300857565,0.06271448124927355,0.013352882180615505
55.587,5520,55,586000000,,"['joint1', 'joint2']",0.4279785587467009,-0.4513923199258567,0.05967671206502306,0.01531194706886499
55.597,5521,55,596000000,,"['joint1', 'joint2']",0.4285610926397698,-0.4512378507118928,0.05711403578871567,0.015427933661592577
55.607,5522,55,606000000,,"['joint1', 'joint2']",0.42911848199607405,-0.4510854965723503,0.05461189466625252,0.015039730361023892
55.617,5523,55,616000000,,"['joint1', 'joint2']",0.4296506836095402,-0.4509380377288821,0.05207392974750422,0.014491077986366632
55.626,5524,55,626000000,,"['joint1', 'joint2']",0.4301572219055094,-0.4507964820755559,0.04948424341909185,0.013873319468068038
55.637,5525,55,636000000,,"['joint1', 'joint2']",0.4329422000094345,-0.457417065447804,0.31926478334630554,-0.7629813255656908
55.647,5526,55,646000000,,"['joint1', 'joint2']",0.43489823074988276,-0.46121282484608717,0.1315414842715545,-0.18191857389303476
55.657,5527,55,656000000,,"['joint1', 'joint2']",0.43589092971902144,-0.46205669116723147,0.08222557221225213,-0.03393115858375491
55.667,5528,55,666000000,,"['joint1', 'joint2']",0.43662181321756144,-0.46214677921839886,0.06800037656516572,0.0038439251452764417
55.677,5529,55,676000000,,"['joint1', 'joint2']",0.43726936100256353,-0.4620458515093926,0.06270100283116027,0.013260056751822472
55.687,5530,55,686000000,,"['joint1', 'joint2']",0.43787863369568303,-0.4618990423707885,0.05961990124006131,0.015336672208967575
55.697,5531,55,696000000,,"['joint1', 'joint2']",0.438460497936088,-0.4617441153583579,0.05704100605971299,0.015484394935652353
55.707,5532,55,706000000,,"['joint1', 'joint2']",0.4390171135410421,-0.461591167719936,0.05453171300252833,0.015099688995076382
55.717,5533,55,716000000,,"['joint1', 'joint2']",0.43954848830701465,-0.4614431352068822,0.05198944942606704,0.014546127420697004
55.727,5534,55,726000000,,"['joint1', 'joint2']",0.44005416254508667,-0.4613010689261996,0.049396353621659325,0.01392139654919125
55.736,5535,55,736000000,,"['joint1', 'joint2']",0.4428234176757675,-0.46787817322543823,0.3185246839487505,-0.7613261420639452
55.747,5536,55,746000000,,"['joint1', 'joint2']",0.4447837355613391,-0.47169098281662336,0.13225340489792375,-0.18436582509564067
55.757,5537,55,756000000,,"['joint1', 'joint2']",0.44578190226377945,-0.47255354186217247,0.08260589261013516,-0.03525048516734293
55.767,5538,55,766000000,,"['joint1', 'joint2']",0.4465149389233565,-0.4726516019096607,0.06810923113944346,0.003380736099190554
55.777,5539,55,776000000,,"['joint1', 'joint2']",0.4471628250966564,-0.47255302427273094,0.06269019431710655,0.013158177583828576
55.787,5540,55,786000000,,"['joint1', 'joint2']",0.4477717036426965,-0.47240643325888687,0.059563797393827736,0.015358637159092421
55.797,5541,55,796000000,,"['joint1', 'joint2']",0.4483529004996747,-0.47225105422632296,0.05696789136337544,0.015540759834958041
55.807,5542,55,806000000,,"['joint1', 'joint2']",0.4489087402596441,-0.47209750316881927,0.05445120496649328,0.015160496679431881
55.817,5543,55,816000000,,"['joint1', 'joint2']",0.44943928497801533,-0.47194888216560305,0.05190461966504482,0.014602278985394089
55.827,5544,55,826000000,,"['joint1', 'joint2']",0.4499440920617186,-0.47180628964471616,0.04930816708556389,0.01397057827336734
55.837,5545,55,836000000,,"['joint1', 'joint2']",0.4526973702426025,-0.47833960540153964,0.31775983337676417,-0.759495621963242
55.847,5546,55,846000000,,"['joint1', 'joint2']",0.4546619563015373,-0.4821690020455618,0.13297772654885098,-0.18683638841162226
55.857,5547,55,856000000,,"['joint1', 'joint2']",0.4556657022344517,-0.4830505616725622,0.08299703282582699,-0.036602072363266826
55.867,5548,55,866000000,,"['joint1', 'joint2']",0.45640099245949095,-0.4831568626934679,0.06822583875378059,0.0028973281387672523
55.877,5549,55,876000000,,"['joint1', 'joint2']",0.45704927610849033,-0.48306077057377816,0.06268362497234296,0.013048028607972453
55.887,5550,55,886000000,,"['joint1', 'joint2']",0.45765779112198146,-0.48291444372511094,0.059509924705398794,0.015378777364429032
55.897,5551,55,896000000,,"['joint1', 'joint2']",0.45823833716974605,-0.4827586163161275,0.056896090301072795,0.015598031056267322
55.907,5552,55,906000000,,"['joint1', 'joint2']",0.45879341165395093,-0.4826044490199992,0.05437162477002428,0.01522316163634127
55.917,5553,55,916000000,,"['joint1', 'joint2']",0.45932313441652006,-0.48245522165183274,0.05182054808991607,0.014660513327211439
55.927,5554,55,926000000,,"['joint1', 'joint2']",0.45982708130289396,-0.48231208436720596,0.04922064566244498,0.014021804695364737
55.937,5555,55,936000000,,"['joint1', 'joint2']",0.4625643142052631,-0.4888011656319424,0.31695998662609154,-0.7576265513519738
55.947,5556,55,946000000,,"['joint1', 'joint2']",0.46453301365276367,-0.49264689893063895,0.13369847732247228,-0.18930805631083916
55.957,5557,55,956000000,,"['joint1', 'joint2']",0.4655424188552857,-0.49354769320234304,0.08339926993222663,-0.03798393095152245
55.967,5558,55,966000000,,"['joint1', 'joint2']",0.4662800614991678,-0.49366249285583486,0.06835090867461228,0.002393530859588003
55.977,5559,55,976000000,,"['joint1', 'joint2']",0.46692880595370223,-0.4935690225204077,0.06268189473828559,0.012929090457057077
55.987,5560,55,986000000,,"['joint1', 'joint2']",0.46753699248985114,-0.4934230076483894,0.05945870563783038,0.015396687759265393
55.997,5561,55,996000000,,"['joint1', 'joint2']",0.46811690769138625,-0.4932667362628598,0.05682587769785717,0.015655926062661682
56.007,5562,56,6000000,,"['joint1', 'joint2']",0.46867122971906294,-0.49311193994607994,0.054293133429311025,0.015287462341703008
56.017,5563,56,16000000,,"['joint1', 'joint2']",0.4692001398483008,-0.49296208813865494,0.05173730388646703,0.01472062511786975
56.026,5564,56,26000000,,"['joint1', 'joint2']",0.46970323381477197,-0.4928183874210008,0.04913377961386205,0.014074863469594863
56.037,5565,56,36000000,,"['joint1', 'joint2']",0.4724243073846033,-0.4992628744451295,0.3161493254985206,-0.7556795476442978
56.047,5566,56,46000000,,"['joint1', 'joint2']",0.4743970013585006,-0.5031245888926392,0.13442022803589518,-0.19178340628084356
56.057,5567,56,56000000,,"['joint1', 'joint2']",0.4754121496996859,-0.5040448548258443,0.08381293034939044,-0.03939553976827504
56.067,5568,56,66000000,,"['joint1', 'joint2']",0.476152242941982,-0.5041684144113283,0.06848452488025077,0.0018692367011877153
56.077,5569,56,76000000,,"['joint1', 'joint2']",0.47680150999316506,-0.5040777079730496,0.06268488684252185,0.012801219156807084
56.087,5570,56,86000000,,"['joint1', 'joint2']",0.4774094003579572,-0.503932057665831,0.05940983927497306,0.015412345236535181
56.097,5571,56,96000000,,"['joint1', 'joint2']",0.47798870080627065,-0.5037753501905673,0.0567568211865713,0.015714517626723393
56.107,5572,56,106000000,,"['joint1', 'joint2']",0.47854227841073094,-0.5036199146518632,0.05421520057822289,0.015353533343819954
56.117,5573,56,116000000,,"['joint1', 'joint2']",0.4790703797531064,-0.5034694224949519,0.05165428286286628,0.01478276619097206
56.127,5574,56,126000000,,"['joint1', 'joint2']",0.479572622060056,-0.5033251417360081,0.049046903972568535,0.014129903036274274
56.137,5575,56,136000000,,"['joint1', 'joint2']",0.48227749468730785,-0.5097246443058943,0.3153081588132228,-0.7536880395218768
56.147,5576,56,146000000,,"['joint1', 'joint2']",0.48425399792986656,-0.5136020573510773,0.13513882104477914,-0.19425537608816484
56.157,5577,56,156000000,,"['joint1', 'joint2']",0.48527494384274483,-0.5145419919163299,0.08423519425287848,-0.04083651869005523
56.167,5578,56,166000000,,"['joint1', 'joint2']",0.48601757487922814,-0.5146745714516658,0.06862539321538198,0.0013231425225214283
56.177,5579,56,176000000,,"['joint1', 'joint2']",0.4866674191962401,-0.5145867773715551,0.06269171495496667,0.012662907063883275
56.187,5580,56,186000000,,"['joint1', 'joint2']",0.4872750388057412,-0.514441550563193,0.05936254183434261,0.015424452392114756
56.197,5581,56,196000000,,"['joint1', 'joint2']",0.4878537331244486,-0.5142844193219824,0.05668813945678901,0.015772720438754877
56.207,5582,56,206000000,,"['joint1', 'joint2']",0.48840656648515957,-0.5141283377567927,0.05413704852236058,0.015420367851604472
56.217,5583,56,216000000,,"['joint1', 'joint2']",0.4889338547864357,-0.513977192267169,0.051570712864621136,0.01484597616066665
56.227,5584,56,226000000,,"['joint1', 'joint2']",0.4894352384533418,-0.5138323175705839,0.048959259115851986,0.014185987508068612
56.237,5585,56,236000000,,"['joint1', 'joint2']",0.48991025473473737,-0.513694303903109,0.04630270602027363,0.013481880328883922
56.246,5586,56,246000000,,"['joint1', 'joint2']",0.49035849393219166,-0.5135634993945084,0.04360911181523572,0.012748655293185258
56.257,5587,56,256000000,,"['joint1', 'joint2']",0.4907796401568101,-0.5134401509377868,0.04088850136987339,0.011993808285071177
56.266,5588,56,266000000,,"['joint1', 'joint2']",0.49117347991982907,-0.513324444908215,0.038151166889612294,0.011222587159328126
56.277,5589,56,276000000,,"['joint1', 'joint2']",0.4915399016520263,-0.5132165201240984,0.03540718186648823,0.01043944982909973
56.287,5590,56,286000000,,"['joint1', 'joint2']",0.49187889256684425,-0.5131164730966535,0.03266625288471427,0.009648470508160506
56.297,5591,56,296000000,,"['joint1', 'joint2']",0.4921905346619413,-0.5130243611192853,0.02993766678908541,0.008853454777503673
56.306,5592,56,306000000,,"['joint1', 'joint2']",0.4924750003742613,-0.5129402047328133,0.027230266057853388,0.008057973923799124
56.317,5593,56,316000000,,"['joint1', 'joint2']",0.4927325480484521,-0.51286398999203,0.024552433689294488,0.0072653772769882
56.327,5594,56,326000000,,"['joint1', 'joint2']",0.49296351727998733,-0.5127956706495898,0.0219120824029643,0.006478798263846616
56.337,5595,56,337000000,,"['joint1', 'joint2']",0.49316832416633716,-0.5127351702898402,0.01931664663473326,0.005701158889882325
56.347,5596,56,346000000,,"['joint1', 'joint2']",0.4933474564910103,-0.5126823844201205,0.016773076840580114,0.004935173866805274
56.357,5597,56,356000000,,"['joint1', 'joint2']",0.49350146886249213,-0.5126371825210922,0.014287835935594745,0.004183354709925381
56.367,5598,56,366000000,,"['joint1', 'joint2']",0.49363097782834764,-0.512599410055123,0.01186689767898966,0.003448014164285071
56.377,5599,56,376000000,,"['joint1', 'joint2']",0.49373665698394387,-0.5125688904306296,0.009515747000622223,0.002731270421513563
56.387,5600,56,386000000,,"['joint1', 'joint2']",0.4938192320942889,-0.5125454269224825,0.007239382095107076,0.0020350516898922305
56.397,5601,56,396000000,,"['joint1', 'joint2']",0.49387947624611783,-0.5125288045456813,0.0050423182020287,0.0013611009844218917
56.407,5602,56,406000000,,"['joint1', 'joint2']",0.49391820504670925,-0.5125187918806562,0.002928592995333157,0.0007109809951865217
56.417,5603,56,416000000,,"['joint1', 'joint2']",0.4939362718849214,-0.5125151428488959,0.0009017734695187637,8.607913641693187e-05
56.426,5604,56,426000000,,"['joint1', 'joint2']",0.4939345632688612,-0.5125175984371486,-0.0010350357768003544,-0.0005123872366971736
56.437,5605,56,436000000,,"['joint1', 'joint2']",0.49391399425364124,-0.5125258883686667,-0.0028791829500067556,-0.001083365467978146
56.447,5606,56,446000000,,"['joint1', 'joint2']",0.49387550397176216,-0.5125397327199783,-0.00462845826958925,-0.0016259620857301694
56.457,5607,56,456000000,,"['joint1', 'joint2']",0.49382005127756745,-0.5125588434818491,-0.00628108206365201,-0.002139437163604545
56.467,5608,56,466000000,,"['joint1', 'joint2']",0.49374861051643126,-0.5125829260630885,-0.007835691854105159,-0.0026231985498077134
56.477,5609,56,476000000,,"['joint1', 'joint2']",0.49366216742818114,-0.5126116807360779,-0.009291328523712443,-0.003076795988816149
56.487,5610,56,486000000,,"['joint1', 'joint2']",0.4935617151934837,-0.5126448040229183,-0.010647421657403719,-0.0034999151439879563
56.497,5611,56,496000000,,"['joint1', 'joint2']",0.4934482506309168,-0.5126819900213482,-0.011903774151849622,-0.0038923715300262594
56.507,5612,56,506000000,,"['joint1', 'joint2']",0.4933227705515355,-0.5127229316695567,-0.013060546183693967,-0.004254104377413963
56.517,5613,56,516000000,,"['joint1', 'joint2']",0.4931862682769017,-0.5127673219493589,-0.014118238620902113,-0.004585170440911918
56.527,5614,56,526000000,,"['joint1', 'joint2']",0.49303973032563864,-0.5128148550271314,-0.01507767596801316,-0.004885737758646792
56.537,5615,56,536000000,,"['joint1', 'joint2']",0.4928841332727183,-0.5128652273322691,-0.01593998892293086,-0.00515607939154827
56.547,5616,56,546000000,,"['joint1', 'joint2']",0.49272044078492083,-0.5129181385728527,-0.01670659663149656,-0.005396567144063443
56.557,5617,56,556000000,,"['joint1', 'joint2']",0.4925496008350576,-0.5129732926886001,-0.017379188714732065,-0.005607665288122
56.567,5618,56,566000000,,"['joint1', 'joint2']",0.49237254309681955,-0.5130303987411091,-0.01795970714444808,-0.005789924305977041
56.577,5619,56,576000000,,"['joint1', 'joint2']",0.492190176521361,-0.5130891717416981,-0.018450328039485694,-0.005943974664439234
56.587,5620,56,586000000,,"['joint1', 'joint2']",0.49200338709602764,-0.5131493334172221,-0.018853443452720404,-0.006070520634046287
56.597,5621,56,596000000,,"['joint1', 'joint2']",0.4918130357849586,-0.5132106129144178,-0.019171643212694052,-0.006170334172153669
56.607,5622,56,606000000,,"['joint1', 'joint2']",0.49161995665067426,-0.5132727474434473,-0.019407696886420835,-0.006244248872830798
56.617,5623,56,616000000,,"['joint1', 'joint2']",0.49142495515512064,-0.5133354828614811,-0.019564535915542473,-0.006293154017176093
56.627,5624,56,626000000,,"['joint1', 'joint2']",0.4912288066380688,-0.5133985741972369,-0.01964523599078402,-0.006317988712416799
56.637,5625,56,636000000,,"['joint1', 'joint2']",0.49103225497027747,-0.5134617861175768,-0.0196529997110192,-0.006319736150186543
56.647,5626,56,646000000,,"['joint1', 'joint2']",0.4908360113782537,-0.5135248933373839,-0.01959113957609284,-0.006299417989323066
56.657,5627,56,656000000,,"['joint1', 'joint2']",0.4906407534369963,-0.5135876809739583,-0.019463061360724582,-0.006258088874945458
56.667,5628,56,666000000,,"['joint1', 'joint2']",0.4904471242267414,-0.5136499448474252,-0.019272247914404284,-0.006196831103434365
56.677,5629,56,676000000,,"['joint1', 'joint2']",0.4902557316491807,-0.5137114917286487,-0.019022243420405906,-0.00611674944325899
56.687,5630,56,686000000,,"['joint1', 'joint2']",0.4900671478983947,-0.5137721395362638,-0.018716638150841427,-0.006018966125875751
56.697,5631,56,696000000,,"['joint1', 'joint2']",0.48988190908135554,-0.5138317174845595,-0.018359053751499554,-0.0059046160066788846
56.707,5632,56,706000000,,"['joint1', 'joint2']",0.4897005149825313,-0.5138900661839534,-0.017953129082925668,-0.005774841909766779
56.717,5633,56,716000000,,"['joint1', 'joint2']",0.4895234289669057,-0.513947037695984,-0.017502506643954977,-0.005630790160999908
56.727,5634,56,726000000,,"['joint1', 'joint2']",0.48935107801544664,-0.5140024955446725,-0.017010819598094883,-0.005473606318095382
56.737,5635,56,736000000,,"['joint1', 'joint2']",0.48918385288692345,-0.5140563146862922,-0.01648167942346343,-0.00530443109834634
56.747,5636,56,746000000,,"['joint1', 'joint2']",0.48902210839970284,-0.5141083814395477,-0.01591866419968446,-0.0051243965146911055
56.757,5637,56,756000000,,"['joint1', 'joint2']",0.4888661638271179,-0.5141585933782364,-0.015325307546013085,-0.004934622218291173
56.767,5638,56,766000000,,"['joint1', 'joint2']",0.48871630339982364,-0.5142068591885289,-0.014705088220424297,-0.004736212052174223
56.777,5639,56,776000000,,"['joint1', 'joint2']",0.48857277690852374,-0.5142530984929587,-0.01406142038341159,-0.004530250824749636
56.787,5640,56,786000000,,"['joint1', 'joint2']",0.48843580040031664,-0.5142972416432885,-0.013397644535933595,-0.004317801291122024
56.797,5641,56,796000000,,"['joint1', 'joint2']",0.48830555696202094,-0.5143392294844462,-0.01271701912848913,-0.004099901356360522
56.807,5642,56,806000000,,"['joint1', 'joint2']",0.4881821975836713,-0.5143790130916388,-0.012022712841744602,-0.003877561494034492
56.817,5643,56,816000000,,"['joint1', 'joint2']",0.4880658420955504,-0.5144165534828469,-0.01131779753699092,-0.0036517623794382354
56.827,5644,56,826000000,,"['joint1', 'joint2']",0.4879565801720416,-0.5144518213088363,-0.010605241868470061,-0.003423452737929565
56.837,5645,56,836000000,,"['joint1', 'joint2']",0.48785447239577007,-0.514484796522825,-0.009887905552282786,-0.003193547404785826
56.847,5646,56,846000000,,"['joint1', 'joint2']",0.4877595513754889,-0.5145154680318962,-0.00916853427905925,-0.0029629255964875225
56.857,5647,56,856000000,,"['joint1', 'joint2']",0.4876718229113228,-0.5145438333322714,-0.00844975526268509,-0.002732429387652939
56.867,5648,56,866000000,,"['joint1', 'joint2']",0.48759126720111734,-0.5145698981304365,-0.007734073410013717,-0.0025028623864884287
56.878,5649,56,876000000,,"['joint1', 'joint2']",0.4875178400817335,-0.5145936759521819,-0.007023868094541505,-0.0022749886155280273
56.887,5650,56,886000000,,"['joint1', 'joint2']",0.48745147429936164,-0.514615187741442,-0.006321390522356994,-0.0020495315795827813
56.897,5651,56,896000000,,"['joint1', 'joint2']",0.4873920808029828,-0.5146344614509006,-0.005628761669734932,-0.001827173522552775
56.907,5652,56,906000000,,"['joint1', 'joint2']",0.48733955005543894,-0.5146515316261562,-0.004947970771594621,-0.0016085548711217328
56.917,5653,56,916000000,,"['joint1', 'joint2']",0.4872937533566235,-0.5146664389852651,-0.004280874347487945,-0.0013942738443516916
56.927,5654,56,926000000,,"['joint1', 'joint2']",0.48725454417361735,-0.5146792299953775,-0.0036291957354672977,-0.0011848862422711767
56.937,5655,56,936000000,,"['joint1', 'joint2']",0.4872217594727415,-0.514689956448092,-0.002994525119521759,-0.0009809053904149662
56.947,5656,56,946000000,,"['joint1', 'joint2']",0.487195221048748,-0.5146986750351568,-0.0023783200239417533,-0.0007828022403207073
56.957,5657,56,956000000,,"['joint1', 'joint2']",0.48717473684662327,-0.5147054469259791,-0.0017819062509634503,-0.0005910056215407183
56.966,5658,56,966000000,,"['joint1', 'joint2']",0.4871601022716474,-0.5147103373484336,-0.001206479242115091,-0.00040590262756357563
56.977,5659,56,977000000,,"['joint1', 'joint2']",0.4871511014836605,-0.5147134151742447,-0.0006531058343322556,-0.00022783913800152793
56.986,5660,56,986000000,,"['joint1', 'joint2']",0.4871475086716872,-0.5147147525103124,-0.0001227263895927988,-5.712046365877619e-05
56.997,5661,56,996000000,,"['joint1', 'joint2']",0.4871490893053414,-0.5147144242971056,0.00038384272765024465,0.00010598789257293937
57.008,5662,57,6000000,,"['joint1', 'joint2']",0.487155601359647,-0.5147125079152879,0.0008659063505556001,0.00026125936434000577
57.017,5663,57,16000000,,"['joint1', 'joint2']",0.487166796510194,-0.5147090828015806,0.0013228874094178902,0.0004085053572687582
57.027,5664,57,26000000,,"['joint1', 'joint2']",0.48718242129578826,-0.514704230074833,0.0017543235601199553,0.0005475741828666878
57.037,5665,57,36000000,,"['joint1', 'joint2']",0.4872022182459599,-0.5146980321731665,0.0021598635603830582,0.0006783499165789165
57.047,5666,57,46000000,,"['joint1', 'joint2']",0.48722592697099554,-0.5146905725029942,0.0025392634220786064,0.0008007511772312507
57.057,5667,57,56000000,,"['joint1', 'joint2']",0.4872532852123692,-0.5146819351006275,0.002892382362217241,0.0009147298380250426
57.067,5668,57,66000000,,"['joint1', 'joint2']",0.48728402985167296,-0.514672204307085,0.003219178576191648,0.0010202696774010808
57.077,5669,57,76000000,,"['joint1', 'joint2']",0.4873178978764061,-0.514661464456692,0.0035197048541017835,0.0011173849819232887
57.087,5670,57,86000000,,"['joint1', 'joint2']",0.4873546273012064,-0.5146497995799297,0.003794104067668432,0.0012061190981634607
57.097,5671,57,96000000,,"['joint1', 'joint2']",0.4873939580432989,-0.5146372931209502,0.004042604545152958,0.0012865429508700094
57.107,5672,57,106000000,,"['joint1', 'joint2']",0.4874356327511986,-0.5146240276700853,0.004265515357312474,0.0013587535298953323
57.117,5673,57,116000000,,"['joint1', 'joint2']",0.4874793975858811,-0.5146100847116335,0.004463221534769296,0.001422872354913383
57.127,5674,57,126000000,,"['joint1', 'joint2']",0.4875250029538414,-0.5145955443870927,0.004636179238320073,0.0014790439195128046
57.137,5675,57,136000000,,"['joint1', 'joint2']",0.4875722041916797,-0.5145804852740055,0.004784910898327807,0.0015274341296797897
57.147,5676,57,147000000,,"['joint1', 'joint2']",0.4876207622020079,-0.5145649841804563,0.004910000344282103,0.0015682287346343877
57.157,5677,57,156000000,,"['joint1', 'joint2']",0.4876704440406785,-0.514549115955262,0.005012087941277732,0.0016016317608917403
57.167,5678,57,166000000,,"['joint1', 'joint2']",0.48772102345548785,-0.5145329533137728,0.0050918657499726344,0.0016278639515872944
57.177,5679,57,176000000,,"['joint1', 'joint2']",0.4877722813766905,-0.5145165666792222,0.005150072725297131,0.0016471612223307149
57.187,5680,57,186000000,,"['joint1', 'joint2']",0.48782400635978984,-0.5145000240394424,0.00518748997198472,0.0016597731279122986
57.197,5681,57,196000000,,"['joint1', 'joint2']",0.4878759949812448,-0.5144833908187687,0.005204936066800959,0.0016659613568077497
57.207,5682,57,206000000,,"['joint1', 'joint2']",0.4879280521878462,-0.5144667297648713,0.005203262463776555,0.0016659982500080136
57.218,5683,57,215000000,,"['joint1', 'joint2']",0.4879799916006524,-0.5144501008502314,0.005183348994014039,0.0016601653502846371
57.227,5684,57,226000000,,"['joint1', 'joint2']",0.4880316357745045,-0.5144335611879498,0.005146099472032158,0.0016487519845240347
57.237,5685,57,236000000,,"['joint1', 'joint2']",0.488082816414221,-0.5144171649615012,0.005092437417131139,0.0016320538873789443
57.247,5686,57,246000000,,"['joint1', 'joint2']",0.48813337454871686,-0.5144009633680602,0.005023301902844908,0.0016103718621196155
57.257,5687,57,256000000,,"['joint1', 'joint2']",0.48818316066433454,-0.5143850045749643,0.004939643540980367,0.001584010486389684
57.267,5688,57,266000000,,"['joint1', 'joint2']",0.48823203479880206,-0.5143693336888608,0.004842420607752621,0.0015532768661391735
57.278,5689,57,276000000,,"['joint1', 'joint2']",0.4882798665972823,-0.5143539927370684,0.004732595322042724,0.0015184794345451192
57.287,5690,57,286000000,,"['joint1', 'joint2']",0.48832653533204073,-0.5143390206606488,0.004611130277718932,0.0014799268056643958
57.297,5691,57,296000000,,"['joint1', 'joint2']",0.488371929887343,-0.5143244533186806,0.004478985039694633,0.0014379266770332315
57.307,5692,57,306000000,,"['joint1', 'joint2']",0.48841594871120897,-0.5143103235031905,0.00433711290535511,0.0013927847874828612
57.317,5693,57,316000000,,"['joint1', 'joint2']",0.4884584997357182,-0.5142966609642139,0.004186457835244465,0.0013448039316285342
57.327,5694,57,326000000,,"['joint1', 'joint2']",0.4884995002675838,-0.5142834924444184,0.004027951559716949,0.0012942830246151366
57.337,5695,57,336000000,,"['joint1', 'joint2']",0.48853887685073083,-0.5142708417227357,0.003862510857169123,0.0012415162318466827
57.347,5696,57,346000000,,"['joint1', 'joint2']",0.4885765651026581,-0.514258729666417,0.00369103501218132,0.0011867921477732475
57.357,5697,57,356000000,,"['joint1', 'joint2']",0.48861250952633384,-0.5142471742909631,0.003514403450099162,0.001130393037156265
57.367,5698,57,366000000,,"['joint1', 'joint2']",0.4886466632994342,-0.5142361908273356,0.0033334735494198746,0.001072594131694503
57.377,5699,57,375000000,,"['joint1', 'joint2']",0.4886789880426736,-0.5142257917958926,0.003149078632570177,0.0010136629838666898
57.387,5700,57,386000000,,"['joint1', 'joint2']",0.4887094535690153,-0.5142159870864598,0.0029620261328468715,0.0009538588766829217
57.397,5701,57,396000000,,"['joint1', 'joint2']",0.4887380376155157,-0.5142067840440054,0.0027730959350824795,0.0008934322929550309
57.407,5702,57,406000000,,"['joint1', 'joint2']",0.48876472555952954,-0.5141981875593071,0.002583038890855558,0.000832624435714351
57.417,5703,57,416000000,,"['joint1', 'joint2']",0.488789510121002,-0.514190200164137,0.002392575502591513,0.0007716668058313941
57.427,5704,57,426000000,,"['joint1', 'joint2']",0.48881239105252217,-0.5141828221303353,0.002202394774386951,0.0007107808332956341
57.437,5705,57,436000000,,"['joint1', 'joint2']",0.48883337481878986,-0.5141760515723277,0.0020131532274573496,0.0006501775582835635
57.447,5706,57,446000000,,"['joint1', 'joint2']",0.48885247426710876,-0.5141698845525084,0.0018254740726343208,0.0005900573681211184
57.458,5707,57,456000000,,"['joint1', 'joint2']",0.48886970829047094,-0.5141643151890136,0.0016399465407194414,0.0005306097773143394
57.467,5708,57,466000000,,"['joint1', 'joint2']",0.48888510148476705,-0.5141593357654042,0.0014571253601314,0.00047201326242734057
57.477,5709,57,476000000,,"['joint1', 'joint2']",0.4888986838015823,-0.5141549368417593,0.0012775303823574851,0.0004144351374601382
57.487,5710,57,486000000,,"['joint1', 'joint2']",0.48891049019800903,-0.5141511073667466,0.001101646344330273,0.0003580314810786209
57.497,5711,57,496000000,,"['joint1', 'joint2']",0.48892056028484543,-0.5141478347902257,0.0009299227689115352,0.00030294709712174156
57.507,5712,57,506000000,,"['joint1', 'joint2']",0.48892893797449677,-0.5141451051759667,0.0007627739905658889,0.0002493155257177606
57.517,5713,57,516000000,,"['joint1', 'joint2']",0.48893567112981096,-0.5141429033140739,0.0006005793053018265,0.00019725908782196777
57.527,5714,57,526000000,,"['joint1', 'joint2']",0.4889408112150715,-0.5141412128327438,0.00044368323661137557,0.00014688896941857717
57.537,5715,57,536000000,,"['joint1', 'joint2']",0.4889444129502527,-0.5141400163090006,0.0002923959120424217,9.83053397745841e-05
57.547,5716,57,546000000,,"['joint1', 'joint2']",0.4889465339696155,-0.514139295378043,0.00014699354310761866,5.1597503325279364e-05
57.557,5717,57,556000000,,"['joint1', 'joint2']",0.4889472344856509,-0.514139030840914,7.719002726315887e-06,6.844083358011668e-06
57.567,5718,57,566000000,,"['joint1', 'joint2']",0.48894657695929755,-0.5141392027701723,-0.0001252175060627783,-3.588676571129358e-05
57.577,5719,57,576000000,,"['joint1', 'joint2']",0.48894462577731534,-0.5141397906132852,-0.0002516376970551578,-7.653712095865168e-05
57.587,5720,57,586000000,,"['joint1', 'joint2']",0.4889414469376332,-0.514140773293505,-0.00037139437083210763,-0.00011505902270525351
57.597,5721,57,596000000,,"['joint1', 'joint2']",0.48893710774338306,-0.5141421293079631,-0.00048437051091402845,-0.00015141419306599754
57.607,5722,57,606000000,,"['joint1', 'joint2']",0.4889316765063372,-0.5141438368227824,-0.0005904783175289417,-0.0001855737240197522
57.617,5723,57,616000000,,"['joint1', 'joint2']",0.48892522226034973,-0.5141458737650062,-0.0006896581819566241,-0.00021751775055306704
57.627,5724,57,626000000,,"['joint1', 'joint2']",0.48891781448533234,-0.5141482179111669,-0.0007818776067015133,-0.0002472351106405285
57.637,5725,57,636000000,,"['joint1', 'joint2']",0.48890952284228195,-0.5141508469723401,-0.0008671300823275963,-0.00027472298356374654
57.647,5726,57,646000000,,"['joint1', 'joint2']",0.4889004169197948,-0.5141537386755299,-0.0009454339221952153,-0.0002999865202549918
57.657,5727,57,656000000,,"['joint1', 'joint2']",0.4888905659923912,-0.5141568708412958,-0.0010168310639991852,-0.00032303846064525945
57.667,5728,57,666000000,,"['joint1', 'joint2']",0.4888800387910104,-0.5141602214574981,-0.0010813858422331836,-0.00034389874220405606
57.677,5729,57,676000000,,"['joint1', 'joint2']",0.48886890328589505,-0.5141637687490874,-0.0011391837381469227,-0.0003625941022115096
57.686,5730,57,686000000,,"['joint1', 'joint2']",0.4888572264820885,-0.5141674912438745,-0.0011903301132013934,-0.0003791576711900961
57.697,5731,57,696000000,,"['joint1', 'joint2']",0.4888450742276591,-0.5141713678342246,-0.0012349489285256039,-0.00039362856671080874
57.707,5732,57,706000000,,"['joint1', 'joint2']",0.48883251103476955,-0.5141753778346718,-0.001273181459779038,-0.0004060514804015926
57.716,5733,57,716000000,,"['joint1', 'joint2']",0.488819599913632,-0.5141795010353984,-0.0013051850074962128,-0.00041647626798785374
57.727,5734,57,726000000,,"['joint1', 'joint2']",0.48880640221932925,-0.5141837177516138,-0.001331131611534418,-0.0004249575375574496
57.737,5735,57,736000000,,"['joint1', 'joint2']",0.48879297751146655,-0.5141880088688211,-0.0013512067715351296,-0.00043155424092111597
57.747,5736,57,746000000,,"['joint1', 'joint2']",0.4887793834265599,-0.5141923558840222,-0.001365608179318616,-0.0004363292666419731
57.757,5737,57,756000000,,"['joint1', 'joint2']",0.4887656755630223,-0.5141967409428947,-0.0013745444645509018,-0.00043934904213077013
57.767,5738,57,766000000,,"['joint1', 'joint2']",0.48875190737858976,-0.5142011468729706,-0.0013782339618541185,-0.0004406831348743262
57.777,5739,57,776000000,,"['joint1', 'joint2']",0.48873813009996514,-0.514205557212934,-0.0013769034969935935,-0.0004404038680608166
57.787,5740,57,786000000,,"['joint1', 'joint2']",0.48872439264444356,-0.5142099562380427,-0.0013707872020095118,-0.0004385859366050622
57.796,5741,57,796000000,,"['joint1', 'joint2']",0.4887107415532581,-0.5142143289818346,-0.0013601253553518443,-0.0004353060397857425
57.807,5742,57,806000000,,"['joint1', 'joint2']",0.48869722093632983,-0.5142186612541462,-0.0013451632563410314,-0.00043064251720804783
57.817,5743,57,816000000,,"['joint1', 'joint2']",0.48868387242811107,-0.5142229396556051,-0.001326150131127501,-0.00042467500033234267
57.827,5744,57,826000000,,"['joint1', 'joint2']",0.4886707351541473,-0.5142271515886581,-0.0013033380762358163,-0.00041748407215781973
57.837,5745,57,836000000,,"['joint1', 'joint2']",0.4886578457080235,-0.5142312852652751,-0.0012769810398566772,-0.00040915094051714057
57.847,5746,57,846000000,,"['joint1', 'joint2']",0.48864523813824956,-0.5142353297114806,-0.0012473338433331767,-0.00039975712363410137
57.857,5747,57,856000000,,"['joint1', 'joint2']",0.4886329439447321,-0.5142392747687712,-0.0012146512431776442,-0.00038938415065025594
57.867,5748,57,866000000,,"['joint1', 'joint2']",0.4886209920843685,-0.514243111092636,-0.0011791870385306524,-0.00037811327123980494
57.877,5749,57,876000000,,"['joint1', 'joint2']",0.488609408985325,-0.514246830148263,-0.0011411932203931952,-0.000366025184940973
57.887,5750,57,886000000,,"['joint1', 'joint2']",0.48859821856959673,-0.5142504242035866,-0.001100919166786859,-0.0003531997829233648
57.897,5751,57,896000000,,"['joint1', 'joint2']",0.4885874422833334,-0.5142538863198496,-0.0010586108857688961,-0.0003397158995489904
57.907,5752,57,906000000,,"['joint1', 'joint2']",0.48857709913449465,-0.5142572103397729,-0.001014510301259082,-0.00032565108902631273
57.917,5753,57,916000000,,"['joint1', 'joint2']",0.4885672057374011,-0.5142603908735488,-0.0009688545902970866,-0.00031108140430218716
57.927,5754,57,927000000,,"['joint1', 'joint2']",0.48855777636362685,-0.5142634232827419,-0.000921875562608732,-0.0002960812046624926
57.937,5755,57,936000000,,"['joint1', 'joint2']",0.48854882299885727,-0.5142663036622963,-0.0008737990915950823,-0.0002807229660906622
57.946,5756,57,946000000,,"['joint1', 'joint2']",0.48854035540517504,-0.5142690288207863,-0.00082484458978071,-0.0002650771144505847
57.957,5757,57,956000000,,"['joint1', 'joint2']",0.48853238118832376,-0.5142715962590376,-0.0007752245317438116,-0.0002492118704417453
57.967,5758,57,966000000,,"['joint1', 'joint2']",0.48852490586949937,-0.5142740041473086,-0.0007251440229108448,-0.00023319311127592904
57.977,5759,57,976000000,,"['joint1', 'joint2']",0.4885179329612006,-0.5142762513011476,-0.0006748004147072003,-0.00021708424424455967
57.987,5760,57,986000000,,"['joint1', 'joint2']",0.488511464046673,-0.5142783371560782,-0.0006243829642205117,-0.00020094609684401037
57.997,5761,57,996000000,,"['joint1', 'joint2']",0.4885054988625184,-0.5142802617412645,-0.0005740725375260801,-0.00018483682052271723
58.007,5762,58,6000000,,"['joint1', 'joint2']",0.4885000353840345,-0.5142820256522747,-0.0005240413566019106,-0.00016881180870734365
58.017,5763,58,16000000,,"['joint1', 'joint2']",0.48849506991285363,-0.5142836300231188,-0.0004744527885406247,-0.0001529236260052218
58.027,5764,58,26000000,,"['joint1', 'joint2']",0.4884905971664564,-0.5142850764976465,-0.0004254611743772434,-0.00013722195456598445
58.037,5765,58,36000000,,"['joint1', 'joint2']",0.48848661036918717,-0.5142863672004552,-0.0003772116990178901,-0.00012175354891075284
58.047,5766,58,47000000,,"['joint1', 'joint2']",0.48848310134434936,-0.5142875047074611,-0.00032984029854739614,-0.00010656220584426398
58.057,5767,58,56000000,,"['joint1', 'joint2']",0.48848006060704474,-0.5142884920161848,-0.00028347360353949124,-9.168874642318745e-05
58.067,5768,58,66000000,,"['joint1', 'joint2']",0.4884774774573488,-0.5142893325159417,-0.0002382289201984432,-7.717100533457036e-05
58.078,5769,58,76000000,,"['joint1', 'joint2']",0.48847534007352333,-0.5142900299580084,-0.0001942142423754814,-6.304383647696049e-05
58.087,5770,58,86000000,,"['joint1', 'joint2']",0.4884736356049162,-0.51429058842586,-0.000151528297202146,-4.933912613206917e-05
58.097,5771,58,96000000,,"['joint1', 'joint2']",0.48847235026422364,-0.5142910123056286,-0.00011026062183963441,-3.6085814792117895e-05
58.107,5772,58,106000000,,"['joint1', 'joint2']",0.488471469418843,-0.5142913062568031,-7.049166722383621e-05,-2.330993222040046e-05
58.117,5773,58,117000000,,"['joint1', 'joint2']",0.4884709776810334,-0.514291475183347,-3.229293128141141e-05,-1.1034636431573759e-05
58.127,5774,58,126000000,,"['joint1', 'joint2']",0.4884708589965898,-0.5142915242052615,4.2728842253320564e-06,7.197353771877592e-07
58.137,5775,58,136000000,,"['joint1', 'joint2']",0.4884710967318364,-0.5142914586306642,3.915169239575418e-05,1.1935608693891732e-05
58.147,5776,58,146000000,,"['joint1', 'joint2']",0.48847167375866185,-0.514291283928519,7.229781703960969e-05,2.2598110089520998e-05
58.157,5777,58,156000000,,"['joint1', 'joint2']",0.48847257253742615,-0.5142910057020185,0.00010367376986580889,3.269499350732518e-05
58.167,5778,58,166000000,,"['joint1', 'joint2']",0.4884737751975088,-0.5142906296627201,0.00013325000762726575,4.221656458318834e-05
58.177,5779,58,176000000,,"['joint1', 'joint2']",0.4884752636153564,-0.5142901616054818,0.00016100467322943023,5.115559786124892e-05
58.187,5780,58,186000000,,"['joint1', 'joint2']",0.488477019489844,-0.5142896073842556,0.00018692332172398588,5.9507248254684345e-05
58.196,5781,58,196000000,,"['joint1', 'joint2']",0.48847902441481406,-0.514288972888763,0.00021099863116182523,6.726896177767486e-05
58.207,5782,58,206000000,,"['joint1', 'joint2']",0.48848125994867964,-0.5142882640221336,0.00023323010401136217,7.44403778841243e-05
58.217,5783,58,216000000,,"['joint1', 'joint2']",0.48848370768096405,-0.5142874866794989,0.0002536237562157728,8.10232310183106e-05
58.226,5784,58,226000000,,"['joint1', 'joint2']",0.48848634929568746,-0.5142866467276033,0.0002721917988312613,8.70212479760813e-05
58.237,5785,58,236000000,,"['joint1', 'joint2']",0.48848916663152764,-0.5142857499854436,0.00028895231105294423,9.244004598000442e-05
58.247,5786,58,246000000,,"['joint1', 'joint2']",0.4884921417386874,-0.5142848022059674,0.0003039289092409344,9.728702368019593e-05
58.256,5787,58,256000000,,"['joint1', 'joint2']",0.4884952569324117,-0.5142838090588286,0.0003171504101857774,0.00010157125497602701
58.267,5788,58,266000000,,"['joint1', 'joint2']",0.4884984948431299,-0.5142827761142374,0.00032865049160956013,0.00010530338168797518
58.278,5789,58,276000000,,"['joint1', 'joint2']",0.4885018384632005,-0.5142817088278946,0.00033846735271329955,0.00010849550086157228
58.287,5790,58,286000000,,"['joint1', 'joint2']",0.4885052711902329,-0.5142806125270107,0.00034664337138675343,0.00011116105954254773
58.297,5791,58,297000000,,"['joint1', 'joint2']",0.48850877686701466,-0.5142794923974323,0.00035322476496719513,0.00011331474368761973
58.307,5792,58,306000000,,"['joint1', 'joint2']",0.4885123398180422,-0.5142783534718385,0.00035826125221395693,0.00011497236949133778
58.317,5793,58,316000000,,"['joint1', 'joint2']",0.4885159448826819,-0.514277200619027,0.00036180571750154893,0.00011615077739386741
58.327,5794,58,326000000,,"['joint1', 'joint2']",0.4885195774450084,-0.5142760385342608,0.0003639138801718145,0.00011686772536286964
58.337,5795,58,336000000,,"['joint1', 'joint2']",0.48852322346036026,-0.5142748717306773,0.0003646439696072916,0.00011714178319942857
58.346,5796,58,346000000,,"['joint1', 'joint2']",0.48852686947866975,-0.5142737045317141,0.00036405640422433583,0.00011699223208747815
58.357,5797,58,356000000,,"['joint1', 'joint2']",0.4885305026646316,-0.514272541064571,0.00036221347986973304,0.0001164389624218492
58.367,5798,58,366000000,,"['joint1', 'joint2']",0.4885341108147898,-0.5142713852546406,0.00035917906383955647,0.00011550237731153767
58.377,5799,58,376000000,,"['joint1', 'joint2']",0.4885376823716143,-0.5142702408209185,0.0003550182988212225,0.00011420329625705313
58.386,5800,58,386000000,,"['joint1', 'joint2']",0.48854120643466814,-0.5142691112723492,0.0003497973149014147,0.00011256286334901605
58.397,5801,58,396000000,,"['joint1', 'joint2']",0.4885446727689393,-0.5142679999050674,0.0003435829517653536,0.00011060245801847429
